#{"t_start": 1555225225.7849207, "env_id": "DemonAttackNoFrameskip-v4"}
r,l,t
90.0,591,4.054971
50.0,311,4.443325
140.0,1023,5.718257
220.0,1347,7.434052
220.0,1533,9.482224
