#{"t_start": 1555228246.9942956, "env_id": "DemonAttackNoFrameskip-v4"}
r,l,t
50.0,280,3.971263
110.0,838,5.364622
120.0,560,6.129277
130.0,9358,75.666467
150.0,1405,147.36251
310.0,2455,280.998774
220.0,1181,350.763439
295.0,1651,443.319458
175.0,846,494.801542
120.0,594,528.375486
130.0,872,578.564439
150.0,806,623.476252
